OrderID,OrderPriority,OrderDate,ShipDate
686800706,M,10/18/2014,10/31/2014
185941302,M,11/7/2011,12/8/2011
246222341,C,10/31/2016,12/9/2016
161442649,C,4/10/2010,5/12/2010
645713555,H,8/16/2011,8/31/2011
683458888,H,11/24/2014,12/28/2014
679414975,H,3/4/2015,4/17/2015
208630645,M,5/17/2012,6/28/2012
266467225,H,1/29/2015,3/7/2015
118598544,H,12/24/2013,1/19/2014
451010930,M,12/29/2015,1/19/2016
220003211,M,2/27/2010,3/18/2010
702186715,C,11/17/2016,12/22/2016
544485270,C,12/20/2015,1/5/2016
714135205,L,1/8/2011,2/6/2011
448685348,H,6/28/2010,7/22/2010
405997025,H,4/25/2016,5/12/2016
414244067,M,7/27/2012,8/7/2012
821912801,C,9/8/2014,10/3/2014
247802054,L,8/27/2012,9/8/2012
531023156,C,9/3/2012,10/15/2012
880999934,L,8/27/2010,9/16/2010
127468717,H,2/20/2011,3/9/2011
770478332,L,12/12/2015,1/24/2016
430390107,H,10/28/2012,11/13/2012
397877871,M,1/30/2017,3/20/2017
683927953,M,10/22/2014,11/4/2014
469839179,M,1/31/2012,2/22/2012
357222878,H,1/20/2016,3/9/2016
118002879,C,1/1/2016,1/7/2016
944415509,C,6/1/2017,6/23/2017
499009597,H,6/30/2015,7/9/2015
564646470,L,1/28/2014,3/16/2014
294499957,M,4/8/2014,4/8/2014
262056386,L,9/4/2010,10/24/2010
211114585,M,5/2/2010,5/14/2010
405785882,H,10/3/2013,10/22/2013
280494105,M,3/6/2011,4/14/2011
689975583,L,8/7/2016,8/12/2016
759279143,L,1/11/2011,2/18/2011
133766114,C,5/21/2014,6/12/2014
329110324,M,8/3/2013,9/2/2013
681298100,L,10/5/2011,11/20/2011
596628272,L,11/15/2016,12/30/2016
901712167,L,4/3/2015,4/17/2015
693473613,M,3/22/2013,4/21/2013
489148938,C,8/2/2010,9/1/2010
876286971,L,1/5/2012,2/15/2012
262749040,H,8/26/2015,8/30/2015
726708972,H,12/9/2016,1/26/2017
366653096,L,5/17/2012,5/31/2012
951380240,M,11/17/2010,12/20/2010
270001733,M,11/13/2014,1/1/2015
681941401,C,6/16/2016,7/28/2016
566935575,L,5/31/2016,6/7/2016
175033080,M,10/6/2012,11/5/2012
276595246,L,3/10/2012,3/15/2012
812295901,M,1/26/2011,2/13/2011
443121373,C,6/2/2014,6/19/2014
600370490,H,12/17/2016,1/25/2017
535654580,L,6/27/2014,7/29/2014
470897471,H,3/17/2015,4/22/2015
248335492,L,4/3/2013,4/4/2013
680517470,C,3/8/2015,3/25/2015
400304734,M,6/21/2013,7/29/2013
810871112,C,1/6/2013,1/8/2013
235702931,L,3/17/2012,4/3/2012
668599021,C,4/18/2014,5/12/2014
123670709,M,1/3/2016,2/1/2016
285341823,L,5/12/2011,6/8/2011
658348691,H,7/29/2010,8/22/2010
817740142,L,8/2/2013,8/19/2013
858877503,H,10/23/2013,11/6/2013
947434604,M,2/5/2017,2/19/2017
869397771,H,3/20/2015,4/17/2015
481065833,L,5/6/2012,5/8/2012
159050118,C,9/30/2013,10/1/2013
350274455,M,5/20/2014,6/14/2014
221975171,L,4/9/2010,5/17/2010
811701095,C,6/9/2017,7/19/2017
977313554,L,2/8/2015,3/29/2015
546986377,L,1/25/2010,2/10/2010
769205892,L,3/7/2010,3/17/2010
262770926,M,1/3/2013,2/8/2013
866792809,M,3/6/2017,3/18/2017
890695369,C,1/9/2011,2/23/2011
964214932,M,3/27/2014,3/31/2014
887400329,C,6/28/2013,8/17/2013
980612885,M,9/4/2011,9/4/2011
734526431,M,7/14/2016,8/2/2016
160127294,L,2/23/2014,3/23/2014
238714301,L,8/7/2010,9/13/2010
671898782,M,1/14/2013,2/6/2013
331604564,H,9/30/2010,11/17/2010
410067975,M,10/13/2016,11/20/2016
369837844,L,3/16/2011,3/23/2011
193775498,L,12/26/2012,1/31/2013
835054767,M,9/2/2015,10/9/2015
167161977,C,11/11/2013,12/24/2013
633895957,C,8/4/2014,8/22/2014
699368035,C,10/21/2010,12/7/2010
698002040,L,6/13/2015,7/29/2015
584534299,H,3/29/2012,5/18/2012
384013640,L,6/22/2012,7/19/2012
641801393,M,5/10/2013,5/24/2013
173571383,M,12/10/2016,1/11/2017
115309941,H,3/20/2011,4/6/2011
773315894,L,9/22/2011,11/4/2011
274200570,M,5/11/2012,6/26/2012
414887797,M,11/15/2011,11/17/2011
812613904,L,1/27/2010,1/29/2010
254927718,H,8/17/2011,9/7/2011
749690568,M,9/6/2014,10/26/2014
775076282,C,9/3/2014,9/19/2014
229571187,H,9/5/2015,9/18/2015
881974112,C,6/20/2011,7/11/2011
521396386,L,1/12/2012,2/14/2012
607261836,C,1/23/2017,2/22/2017
419306790,M,3/4/2012,3/12/2012
207580077,H,7/18/2010,7/18/2010
742443025,M,4/12/2011,4/15/2011
164569461,M,10/3/2010,10/5/2010
734945714,L,12/29/2013,2/12/2014
284870612,C,9/19/2015,10/7/2015
765955483,M,9/17/2011,10/7/2011
600124156,H,3/11/2010,4/21/2010
529612958,L,11/10/2012,12/11/2012
466970717,H,2/16/2011,3/18/2011
845058763,C,8/13/2012,9/22/2012
367050921,L,8/28/2014,8/31/2014
956433522,L,8/19/2015,9/12/2015
107005393,C,3/20/2011,5/4/2011
332877862,C,4/16/2013,5/7/2013
618474757,L,11/13/2015,12/31/2015
468532407,M,1/10/2014,2/11/2014
358099639,M,4/9/2015,4/29/2015
382537782,H,1/7/2013,1/27/2013
707520663,H,2/12/2013,3/15/2013
219034612,M,11/28/2014,12/10/2014
573378455,M,1/3/2015,1/17/2015
347163522,H,2/3/2011,3/22/2011
887313640,M,4/9/2013,4/21/2013
461065137,H,7/26/2017,8/19/2017
105966842,H,4/15/2017,5/19/2017
479880082,M,5/16/2014,5/23/2014
510978686,H,8/12/2015,9/30/2015
547748982,C,9/20/2013,10/14/2013
108989799,M,10/31/2013,12/9/2013
133812463,M,7/30/2014,8/9/2014
731640803,L,11/12/2011,12/30/2011
732211148,C,3/25/2010,4/14/2010
835572326,M,7/4/2011,8/8/2011
462085664,C,1/1/2011,1/15/2011
902424991,C,6/16/2016,7/4/2016
367576634,H,12/17/2013,1/5/2014
738839423,H,3/1/2017,3/31/2017
817824685,C,7/2/2010,7/27/2010
376456248,C,7/16/2013,8/1/2013
606970441,H,8/16/2016,9/16/2016
971916091,L,12/16/2014,1/19/2015
554154527,L,5/14/2012,5/15/2012
306859576,L,7/18/2017,7/19/2017
803517568,L,7/9/2017,7/21/2017
887927329,C,9/30/2011,10/2/2011
824200189,H,11/24/2015,11/26/2015
946759974,H,8/14/2012,9/14/2012
310343015,H,12/6/2015,12/28/2015
739998137,C,5/25/2014,7/9/2014
981086671,H,10/18/2012,11/21/2012
749282443,L,3/13/2013,3/25/2013
280571782,C,2/23/2011,3/11/2011
781253516,C,8/15/2014,9/1/2014
377938973,H,7/6/2017,7/11/2017
867551982,C,12/31/2010,1/3/2011
967328870,C,1/13/2010,1/15/2010
364818465,C,9/17/2011,10/16/2011
167882096,C,3/8/2014,3/31/2014
654693591,H,11/18/2012,12/1/2012
823739278,H,11/18/2011,12/29/2011
643817985,L,7/12/2012,8/19/2012
604041039,H,3/30/2017,5/15/2017
363832271,H,7/26/2010,9/12/2010
102928006,L,12/24/2015,1/31/2016
971377074,M,5/15/2016,5/15/2016
139540803,L,11/3/2010,12/4/2010
248093020,M,12/1/2010,12/16/2010
858020055,L,1/16/2014,1/17/2014
700620734,H,12/11/2014,1/5/2015
827506387,L,12/24/2016,1/30/2017
560600841,M,3/21/2013,4/14/2013
642140424,H,12/8/2012,1/16/2013
984673964,C,2/13/2015,3/5/2015
221062791,L,3/28/2012,4/18/2012
654480731,L,10/7/2016,11/8/2016
608414113,C,12/15/2011,12/23/2011
276661765,L,3/8/2016,4/20/2016
373335015,L,1/18/2011,2/28/2011
782857692,L,4/11/2013,5/28/2013
109966123,H,5/18/2010,6/5/2010
629709136,M,6/5/2017,6/6/2017
637448060,L,9/11/2012,9/15/2012
298856723,H,3/8/2017,4/3/2017
299921452,L,1/28/2015,2/23/2015
496941077,M,7/26/2010,7/29/2010
366526925,L,6/24/2016,7/14/2016
355602824,M,8/18/2012,9/15/2012
531405103,C,3/11/2010,4/19/2010
131482589,M,1/14/2010,1/20/2010
713696610,L,2/10/2014,3/28/2014
306220996,C,1/21/2014,1/30/2014
157542073,L,2/28/2010,3/15/2010
686458671,L,2/18/2015,3/8/2015
132082116,M,6/14/2012,7/22/2012
403836238,L,3/5/2013,4/3/2013
331457364,C,4/10/2014,4/23/2014
614994323,H,7/26/2017,9/12/2017
674808442,L,10/19/2010,10/24/2010
901573550,L,11/8/2016,12/23/2016
406275975,L,3/31/2014,5/10/2014
170214545,C,8/18/2016,8/19/2016
795000588,C,1/3/2016,1/8/2016
252557933,C,10/21/2016,11/4/2016
635122907,M,12/10/2016,12/13/2016
505244338,C,8/12/2011,9/19/2011
745783555,H,3/23/2012,5/9/2012
509914386,M,4/27/2012,6/11/2012
371123158,M,1/29/2014,2/9/2014
973208701,H,12/13/2016,12/28/2016
780282342,L,11/21/2013,12/27/2013
126767909,H,4/7/2010,5/22/2010
767401731,M,7/8/2012,7/30/2012
927232635,L,10/15/2016,11/24/2016
251621949,M,9/18/2012,10/20/2012
256243503,H,7/2/2017,7/23/2017
277083623,C,7/21/2011,9/2/2011
620441138,L,6/1/2010,6/22/2010
312927377,M,7/26/2015,9/7/2015
251466166,L,8/6/2010,9/8/2010
953293836,H,6/20/2010,7/22/2010
305959212,C,4/8/2012,4/23/2012
317323625,L,2/27/2014,3/24/2014
365560901,L,7/25/2011,9/1/2011
349157369,M,2/18/2016,4/5/2016
236911857,L,1/24/2014,2/25/2014
517935693,H,5/10/2015,6/16/2015
851652705,C,2/13/2012,3/27/2012
517799222,M,9/7/2012,10/23/2012
666424071,C,2/4/2015,3/4/2015
267888581,C,11/16/2010,12/22/2010
162866580,L,7/20/2011,7/26/2011
812344396,H,7/26/2014,8/30/2014
947620856,M,8/24/2014,9/3/2014
720307290,H,2/25/2015,3/28/2015
352327525,H,9/21/2016,10/27/2016
585917890,C,6/28/2013,7/23/2013
433627212,L,1/5/2012,2/13/2012
328316819,C,5/1/2012,5/30/2012
773160541,C,10/13/2011,11/21/2011
991644704,M,4/27/2016,5/18/2016
277568137,M,1/19/2014,2/7/2014
245042169,C,11/6/2016,12/15/2016
778490626,M,2/28/2011,3/24/2011
482649838,C,10/11/2014,11/13/2014
732568633,L,6/25/2012,7/5/2012
723608338,M,11/6/2012,11/23/2012
621442782,H,2/24/2014,4/14/2014
212058293,M,9/19/2015,10/6/2015
251753699,L,3/4/2014,3/24/2014
217140328,M,10/8/2014,10/30/2014
555142009,C,6/19/2012,7/10/2012
432995069,C,11/11/2010,12/13/2010
888248336,H,11/1/2010,11/7/2010
778763139,C,4/28/2014,5/9/2014
832713305,H,12/22/2012,2/9/2013
498585164,M,8/25/2014,9/29/2014
195177543,M,11/26/2016,12/23/2016
861601769,C,10/20/2010,12/2/2010
807281672,H,12/18/2014,1/26/2015
661953580,H,3/20/2011,4/24/2011
225666320,M,7/12/2016,8/21/2016
718781220,L,1/26/2011,2/19/2011
731972110,L,2/24/2010,4/15/2010
276225316,C,1/2/2015,2/9/2015
332839667,C,7/26/2016,7/27/2016
603426492,C,6/1/2014,6/15/2014
859909617,H,12/21/2012,1/29/2013
494525372,L,2/27/2010,3/2/2010
769822585,M,4/24/2016,5/15/2016
768662583,C,7/22/2012,8/10/2012
544219195,M,2/22/2015,3/9/2015
669978749,L,2/10/2011,3/20/2011
889740073,L,1/21/2015,1/26/2015
567614495,M,5/10/2012,6/28/2012
938025844,M,12/16/2015,1/21/2016
155710446,C,2/25/2017,2/25/2017
945717132,L,1/31/2012,2/13/2012
253407227,C,2/7/2013,2/15/2013
494454562,H,9/14/2014,9/22/2014
104845464,M,6/5/2012,7/24/2012
290878760,M,4/5/2014,4/7/2014
979165780,C,2/2/2014,2/10/2014
366630351,C,9/1/2010,10/12/2010
770508801,C,5/17/2011,6/25/2011
978349959,M,4/21/2013,5/21/2013
298015153,L,8/10/2014,8/14/2014
807678210,M,9/19/2010,10/30/2010
605825459,C,4/13/2013,5/14/2013
561255729,C,1/28/2016,2/1/2016
263080346,H,12/9/2013,12/14/2013
270723140,C,2/21/2014,3/9/2014
763920438,H,6/9/2017,7/10/2017
192721068,L,4/17/2014,5/20/2014
227486360,L,5/20/2011,6/8/2011
808890140,M,8/28/2012,9/22/2012
597918736,C,7/25/2015,9/11/2015
125870978,H,10/27/2014,11/20/2014
444358193,H,10/18/2013,10/21/2013
875304210,C,2/15/2013,3/12/2013
360945355,C,7/8/2014,8/16/2014
613830459,C,12/12/2016,1/16/2017
266820847,H,11/24/2012,12/10/2012
723090350,M,11/3/2014,11/27/2014
306125295,M,8/3/2013,8/15/2013
109724509,L,5/23/2012,6/16/2012
847999322,M,7/22/2015,8/6/2015
605373561,H,2/1/2017,3/2/2017
686583554,H,1/28/2012,2/22/2012
666678130,M,8/3/2015,9/21/2015
641018617,M,6/23/2013,6/30/2013
775278842,C,8/3/2011,9/22/2011
855445134,M,10/30/2016,12/6/2016
737816321,H,9/5/2010,9/21/2010
799003732,L,7/13/2013,7/14/2013
585931193,L,10/9/2012,11/21/2012
165835034,M,1/3/2012,1/5/2012
576264083,H,2/8/2012,3/14/2012
675079667,L,1/3/2015,1/7/2015
290455615,L,5/13/2012,5/28/2012
670878255,L,1/13/2012,2/15/2012
435146415,M,7/30/2011,8/12/2011
522371423,C,3/13/2017,4/8/2017
141977107,L,3/23/2017,4/18/2017
823699796,L,3/16/2016,4/19/2016
567588317,L,12/18/2015,12/26/2015
594003999,H,10/25/2011,11/16/2011
393620669,H,6/30/2011,8/2/2011
877424657,H,3/27/2016,4/10/2016
326714789,M,12/23/2016,1/21/2017
243102395,M,4/18/2013,4/18/2013
398511302,L,3/8/2017,4/20/2017
185177838,M,6/3/2011,7/4/2011
865650832,H,11/30/2013,12/31/2013
622791612,C,5/11/2013,5/31/2013
409774005,L,11/13/2010,11/27/2010
800084340,H,3/9/2016,4/21/2016
637521445,M,8/19/2013,9/12/2013
186196649,L,4/19/2011,5/28/2011
680533778,L,7/20/2014,7/25/2014
275269162,L,9/8/2014,9/15/2014
795451629,C,6/4/2015,6/19/2015
986442506,M,12/19/2013,1/1/2014
563915622,M,5/18/2012,6/10/2012
663857305,C,10/12/2013,11/13/2013
692566382,L,1/2/2011,1/14/2011
576654183,L,2/2/2013,2/3/2013
313044536,H,3/19/2011,4/14/2011
418973767,C,10/3/2012,10/27/2012
581990706,C,10/23/2014,11/15/2014
109956681,H,7/12/2015,7/24/2015
181045520,L,5/6/2010,5/27/2010
693743550,C,11/27/2010,1/9/2011
716849601,L,12/26/2010,12/31/2010
739474999,L,12/30/2012,1/1/2013
421043574,M,8/21/2016,9/7/2016
841291654,M,2/3/2015,3/20/2015
450268065,L,12/19/2013,1/4/2014
918334138,L,5/12/2012,6/12/2012
386163699,M,3/28/2014,4/19/2014
214743077,C,1/11/2017,2/18/2017
935371100,M,6/21/2015,7/6/2015
899659097,H,11/29/2012,12/3/2012
329530894,H,1/1/2010,2/13/2010
867222821,H,1/6/2016,2/6/2016
625283706,M,10/14/2014,10/23/2014
936574876,C,12/9/2013,1/9/2014
504270160,M,10/19/2010,11/25/2010
351855885,M,5/2/2011,6/2/2011
673130881,H,3/17/2011,3/23/2011
382206475,H,9/24/2014,10/13/2014
263506495,H,12/1/2015,12/14/2015
721767270,L,6/2/2017,7/18/2017
432037627,M,8/4/2011,8/18/2011
389678895,C,7/29/2014,8/24/2014
760364902,L,1/26/2017,2/24/2017
430081975,C,11/5/2010,12/9/2010
155128943,H,3/26/2015,5/5/2015
312117135,H,10/7/2012,10/16/2012
447970378,L,7/22/2013,9/2/2013
629925000,C,8/16/2013,8/18/2013
995529830,L,11/5/2013,12/17/2013
402646195,L,3/1/2016,3/28/2016
479447925,M,3/25/2012,4/4/2012
674421346,H,6/20/2017,6/29/2017
506365287,L,4/18/2014,5/16/2014
914391076,C,6/28/2016,8/4/2016
207922542,L,5/20/2012,7/1/2012
816696012,M,2/4/2014,2/16/2014
740760314,L,11/15/2015,11/21/2015
300476777,C,1/11/2013,2/28/2013
786519229,L,4/24/2013,6/7/2013
409873998,C,5/15/2010,6/3/2010
151839911,H,4/17/2010,5/22/2010
614028298,H,8/25/2012,9/9/2012
668362987,L,4/19/2014,5/13/2014
607080304,M,2/26/2013,4/5/2013
792729079,M,12/28/2011,1/17/2012
308170640,M,8/21/2014,10/10/2014
106578814,H,8/21/2014,10/2/2014
761439931,H,3/2/2014,3/28/2014
216552817,L,9/6/2012,9/27/2012
536028802,H,9/16/2010,9/22/2010
254291713,L,8/13/2013,8/15/2013
226077878,C,9/11/2012,10/23/2012
476436126,M,8/31/2011,10/15/2011
650727784,L,4/21/2015,6/6/2015
464626681,C,7/11/2010,7/27/2010
154119145,C,8/9/2015,9/21/2015
925504004,M,10/17/2015,12/6/2015
905392587,L,7/24/2012,8/16/2012
990708720,C,3/25/2012,5/4/2012
798688733,M,8/11/2014,9/18/2014
916881453,C,10/15/2016,11/28/2016
653148210,L,12/3/2016,1/21/2017
285662829,C,6/12/2010,7/13/2010
612911641,C,7/29/2016,8/31/2016
703693473,L,12/9/2013,1/12/2014
147119653,M,7/12/2012,8/9/2012
402614009,C,1/14/2012,3/2/2012
749912869,C,3/20/2013,4/25/2013
539065062,H,2/10/2014,3/10/2014
540431916,H,10/26/2013,11/15/2013
694687259,C,4/16/2016,6/2/2016
562817418,H,5/27/2011,6/2/2011
676121222,L,8/4/2016,9/9/2016
286210000,L,7/3/2012,8/5/2012
515007579,L,12/4/2014,1/11/2015
304750287,C,5/31/2010,6/1/2010
467986953,H,2/5/2013,2/17/2013
537578904,C,6/15/2015,7/9/2015
116699969,L,10/21/2014,11/18/2014
228836476,C,2/13/2017,3/13/2017
167787253,C,6/29/2010,7/16/2010
647663629,M,5/19/2014,5/20/2014
652889430,L,3/21/2015,4/15/2015
588200986,M,8/31/2015,10/15/2015
928647124,L,8/23/2015,8/30/2015
869589173,L,2/24/2016,3/17/2016
576700961,C,6/17/2015,7/23/2015
735968816,M,11/27/2012,12/6/2012
303691565,M,9/7/2012,10/19/2012
556480538,C,6/23/2012,8/7/2012
141259562,H,10/23/2014,11/11/2014
925264966,C,9/18/2015,10/18/2015
346045577,H,1/24/2016,2/20/2016
861462724,H,3/23/2010,4/19/2010
499690234,M,7/26/2012,8/28/2012
509214437,H,10/20/2015,11/2/2015
408834159,M,6/27/2017,7/18/2017
237660729,M,4/4/2016,4/30/2016
105117976,C,8/5/2015,9/9/2015
640942227,L,6/16/2012,7/4/2012
745182311,L,4/3/2016,5/5/2016
738199555,C,9/21/2014,9/21/2014
110667788,L,8/8/2015,9/10/2015
673573338,C,7/19/2012,7/20/2012
708215034,H,8/26/2011,9/13/2011
816204202,M,6/23/2012,7/1/2012
769464671,L,11/20/2011,12/24/2011
860232770,L,5/13/2015,6/4/2015
551057326,C,7/16/2010,8/22/2010
724799668,C,5/21/2016,5/27/2016
534633624,H,4/22/2011,6/8/2011
554045522,H,8/14/2012,9/20/2012
526834189,C,3/17/2012,5/2/2012
717110955,C,8/6/2010,8/9/2010
559299647,L,2/25/2013,3/26/2013
908136594,M,3/6/2011,3/10/2011
888670623,M,12/14/2015,12/16/2015
146263062,C,2/10/2017,2/16/2017
196587741,L,9/20/2016,10/28/2016
375630986,M,4/30/2010,6/2/2010
989691627,H,6/25/2013,7/10/2013
165380990,H,7/4/2012,7/27/2012
599622905,C,9/21/2013,10/22/2013
109653699,C,12/8/2016,1/6/2017
183022201,M,9/2/2011,10/15/2011
127589738,L,3/21/2011,4/2/2011
221530139,L,1/8/2011,1/26/2011
363329732,M,2/22/2015,2/22/2015
521787345,C,5/15/2017,6/25/2017
286014306,L,7/14/2012,8/15/2012
215434443,C,6/25/2015,6/30/2015
489784085,L,10/26/2011,11/1/2011
459112060,C,9/24/2014,10/12/2014
893779695,C,9/30/2015,11/7/2015
834460818,M,3/31/2011,3/31/2011
742141759,C,10/25/2013,10/28/2013
248121345,M,8/12/2010,9/14/2010
404010903,M,7/26/2012,9/4/2012
531734263,L,9/30/2012,10/12/2012
473527753,C,11/9/2012,12/29/2012
141940200,M,11/19/2011,1/2/2012
869832932,M,6/9/2017,7/25/2017
460379779,H,9/17/2011,11/4/2011
837067067,C,10/23/2015,10/26/2015
393693625,C,4/3/2010,4/9/2010
744370782,L,7/3/2014,7/14/2014
873522365,M,12/30/2014,1/13/2015
285884702,L,5/19/2014,6/10/2014
356506621,H,8/4/2012,9/3/2012
280749452,L,8/15/2010,10/1/2010
224287021,M,4/26/2014,5/17/2014
873105657,M,6/10/2015,6/23/2015
283504188,C,8/12/2010,9/2/2010
632093942,C,8/28/2012,9/5/2012
565798747,L,7/15/2016,8/9/2016
151854932,M,9/14/2010,10/19/2010
427811324,H,3/7/2011,4/16/2011
251529252,L,4/30/2012,5/5/2012
351182544,C,5/18/2013,6/22/2013
175257527,H,8/10/2014,9/25/2014
142553031,H,7/31/2013,9/11/2013
292180383,H,7/2/2016,8/15/2016
733563411,L,9/13/2011,9/20/2011
296438443,H,4/18/2011,4/19/2011
580854308,C,2/9/2017,3/18/2017
107172334,H,11/20/2016,12/23/2016
166066348,H,10/16/2010,12/5/2010
768522679,H,3/15/2015,3/27/2015
195840156,M,6/25/2013,7/25/2013
849630105,L,10/11/2012,11/9/2012
701816356,M,7/8/2017,7/30/2017
944635236,M,6/22/2010,7/27/2010
140635573,L,2/17/2017,3/21/2017
972678697,C,1/14/2011,2/25/2011
793938434,M,1/9/2016,2/8/2016
177901113,L,7/18/2011,8/13/2011
668365561,L,3/16/2012,5/4/2012
729443109,C,12/15/2010,1/12/2011
695557582,H,3/2/2013,4/3/2013
521445310,H,2/17/2010,4/4/2010
232155120,L,2/19/2013,3/30/2013
373048341,L,10/28/2011,12/12/2011
659798800,L,10/26/2015,12/2/2015
428392827,C,2/5/2013,2/5/2013
885129249,M,8/25/2011,9/3/2011
156619393,C,12/4/2012,12/5/2012
939787089,M,9/8/2015,9/9/2015
151868665,C,3/1/2012,4/19/2012
180412948,C,8/5/2014,8/24/2014
333281266,H,7/24/2013,7/28/2013
888647449,L,1/26/2012,2/28/2012
844997823,M,3/10/2014,4/26/2014
171131217,M,9/12/2013,10/8/2013
256158959,C,1/5/2013,1/18/2013
759504878,H,10/28/2011,12/8/2011
960905301,C,11/21/2010,11/25/2010
210409057,C,10/28/2015,12/4/2015
178377473,C,7/29/2010,9/1/2010
805484378,M,3/30/2014,5/1/2014
752716100,C,9/14/2016,10/12/2016
551371467,M,9/6/2012,9/15/2012
353061807,M,2/8/2013,3/5/2013
379710948,C,1/17/2011,1/30/2011
473555219,H,10/11/2015,11/6/2015
547143447,C,2/21/2011,2/23/2011
133336961,C,4/29/2012,6/13/2012
635309588,H,8/30/2016,10/14/2016
376547658,C,12/20/2014,12/26/2014
450849997,M,6/28/2010,7/21/2010
672327935,M,2/6/2015,2/6/2015
925405299,L,3/30/2015,5/1/2015
714818418,H,7/28/2013,8/24/2013
515616118,C,1/6/2010,2/5/2010
423159730,C,2/20/2013,4/11/2013
603123080,H,8/25/2013,9/29/2013
841492497,C,11/16/2010,12/31/2010
994566810,L,8/2/2016,9/1/2016
538957345,M,4/25/2013,4/25/2013
821587932,L,3/2/2011,3/11/2011
109694898,C,9/28/2013,10/16/2013
340827071,M,5/5/2014,6/5/2014
372845780,L,11/28/2014,12/9/2014
933924853,M,8/30/2014,9/13/2014
572550618,L,11/20/2013,11/25/2013
607521903,M,2/23/2010,4/5/2010
177950036,H,3/20/2017,4/29/2017
293258845,M,11/8/2015,11/14/2015
683184659,C,8/9/2010,8/23/2010
247776305,L,11/12/2010,11/30/2010
207395112,C,12/14/2011,1/26/2012
952714908,L,1/10/2014,2/25/2014
694722020,C,10/3/2010,10/3/2010
414715278,H,10/15/2015,11/4/2015
714306008,M,7/20/2013,8/17/2013
465418040,H,1/19/2016,2/26/2016
860287702,M,8/17/2013,9/11/2013
461463820,C,8/16/2016,8/20/2016
151807725,M,9/25/2013,9/29/2013
884493243,C,8/21/2013,10/2/2013
533006703,M,12/10/2010,1/23/2011
641146934,C,9/4/2012,10/4/2012
573025262,M,10/15/2011,11/14/2011
663065516,C,8/26/2013,9/9/2013
866004025,M,2/17/2017,3/4/2017
306889617,H,10/19/2010,10/21/2010
431083619,M,7/30/2014,8/10/2014
954259860,H,5/21/2015,6/4/2015
312404668,C,5/5/2016,6/21/2016
611816871,C,4/14/2010,5/16/2010
879107797,C,10/26/2013,11/2/2013
211201274,C,7/21/2010,9/9/2010
925333631,H,6/9/2015,7/25/2015
909053695,C,6/3/2010,6/27/2010
370222795,L,5/17/2016,6/11/2016
487014758,H,8/3/2013,8/30/2013
257915914,M,9/15/2013,10/6/2013
551725089,M,7/2/2010,8/10/2010
957553613,L,12/18/2013,1/10/2014
234825313,L,3/19/2016,3/23/2016
363276517,M,6/9/2010,7/9/2010
692956054,M,5/21/2017,6/23/2017
194225251,H,6/12/2013,6/19/2013
607757937,L,2/22/2010,4/5/2010
594540441,H,6/29/2012,7/30/2012
685871589,L,3/23/2015,4/5/2015
133362710,C,2/12/2014,3/23/2014
958937633,H,5/22/2017,7/5/2017
304832684,C,8/6/2011,9/6/2011
783596694,L,11/14/2010,12/24/2010
128090989,C,4/5/2015,4/27/2015
641489398,M,7/8/2014,7/28/2014
647278249,M,8/9/2014,9/16/2014
339256370,H,3/13/2011,3/31/2011
431535089,M,3/2/2016,3/19/2016
808538234,C,12/19/2015,1/16/2016
975002133,C,3/28/2013,4/7/2013
505975615,H,6/27/2015,7/4/2015
396820008,M,2/18/2016,3/20/2016
813209140,H,6/14/2013,7/10/2013
641129338,M,5/10/2014,5/14/2014
636879432,C,6/17/2015,7/3/2015
277070748,C,6/11/2014,7/2/2014
908627116,H,11/3/2013,11/24/2013
798784863,C,4/2/2017,5/2/2017
985092818,H,5/28/2010,7/17/2010
325412309,C,5/22/2010,7/7/2010
447917163,M,6/2/2016,6/24/2016
801093709,M,8/22/2013,10/5/2013
903740775,H,10/5/2014,10/23/2014
794969689,L,10/31/2010,11/13/2010
584204280,L,11/27/2012,1/1/2013
901180875,H,5/22/2010,5/26/2010
645948302,L,8/31/2012,9/29/2012
138867890,L,1/23/2015,2/22/2015
670613467,L,3/2/2010,3/21/2010
452171361,L,5/9/2014,5/27/2014
464840400,H,12/28/2010,2/5/2011
410231912,M,10/19/2014,10/24/2014
960269725,H,1/21/2015,2/22/2015
607190167,L,4/4/2017,5/18/2017
613542068,H,8/5/2016,8/11/2016
962186753,C,11/26/2016,1/12/2017
806298053,L,9/23/2011,10/24/2011
719362294,L,10/24/2010,12/3/2010
445178306,H,8/14/2013,9/22/2013
247857415,C,2/4/2013,2/15/2013
461823451,C,8/11/2014,9/4/2014
141812741,C,1/12/2017,1/24/2017
212874114,C,7/3/2016,8/17/2016
320368897,C,3/27/2010,4/2/2010
179970920,C,6/5/2015,6/25/2015
927666509,H,6/27/2012,7/17/2012
169754493,L,12/19/2016,1/20/2017
532846200,M,3/9/2015,4/20/2015
213865458,C,6/18/2013,7/13/2013
630048596,C,8/12/2011,9/3/2011
568944442,H,4/17/2014,4/24/2014
238414323,L,2/3/2012,2/27/2012
816632068,L,8/1/2015,9/19/2015
402084004,C,9/11/2013,10/5/2013
763568961,L,5/8/2015,6/7/2015
590198266,L,5/22/2015,6/1/2015
441395747,L,7/3/2013,8/19/2013
496897733,H,6/16/2010,7/21/2010
106753051,C,11/8/2011,11/14/2011
941323029,L,10/17/2016,10/27/2016
241281497,M,2/2/2014,3/3/2014
267614781,L,4/30/2016,5/12/2016
651621711,M,8/31/2010,10/16/2010
644913613,M,8/8/2015,9/7/2015
469414317,H,8/18/2016,8/19/2016
867360150,L,6/18/2015,7/1/2015
851299941,L,1/28/2011,2/1/2011
854095017,H,2/4/2011,3/4/2011
478919208,C,11/3/2012,11/27/2012
749258840,H,9/18/2014,11/5/2014
958912742,H,5/17/2012,6/28/2012
921992242,C,2/20/2010,3/4/2010
522921168,L,2/28/2017,3/2/2017
166435849,C,5/17/2013,6/7/2013
327585113,L,11/9/2013,11/23/2013
201730287,M,1/10/2012,2/19/2012
854545199,L,9/24/2013,11/9/2013
272016179,M,9/26/2010,11/8/2010
110442054,H,10/21/2014,11/20/2014
746434152,C,1/17/2016,2/5/2016
826916301,L,12/27/2016,1/7/2017
419124829,H,8/30/2013,9/19/2013
560608565,C,7/7/2014,8/24/2014
109228837,L,11/29/2013,12/7/2013
693159472,C,1/29/2011,2/5/2011
860886800,L,11/13/2013,11/23/2013
131209647,C,4/9/2012,5/3/2012
343239343,H,6/28/2012,7/13/2012
706399714,H,6/8/2010,7/19/2010
950427091,M,8/23/2010,9/14/2010
875370299,H,12/11/2014,12/28/2014
801590669,C,1/27/2011,3/15/2011
219762027,C,5/7/2014,5/28/2014
940870702,C,11/8/2010,11/21/2010
346215522,M,3/30/2014,5/4/2014
837407815,C,7/9/2016,7/20/2016
386371409,L,7/15/2014,7/19/2014
185342633,H,10/14/2013,11/24/2013
596870315,C,1/13/2017,2/18/2017
703815782,C,12/22/2012,1/7/2013
559352862,C,4/16/2010,6/4/2010
736967885,C,2/27/2011,3/12/2011
980459678,C,1/14/2015,2/9/2015
653939568,C,11/16/2014,12/6/2014
991831386,H,1/17/2016,1/29/2016
148871457,L,5/29/2017,7/6/2017
850108611,H,2/10/2015,2/25/2015
940904176,M,12/8/2013,1/7/2014
136931979,H,12/10/2015,12/13/2015
474178349,L,9/4/2016,9/26/2016
458942115,L,7/19/2016,7/29/2016
917834603,C,1/9/2017,1/13/2017
947779643,H,11/5/2016,12/5/2016
166013562,L,10/31/2015,11/26/2015
960085189,L,1/25/2011,2/13/2011
837855851,C,11/8/2015,11/8/2015
977499377,L,6/24/2010,8/12/2010
377502095,L,2/27/2014,3/3/2014
806662833,H,2/5/2013,3/27/2013
954092919,H,4/15/2017,5/11/2017
479216182,L,4/9/2011,4/26/2011
461768949,H,12/13/2010,12/30/2010
251800048,C,5/13/2014,5/22/2014
619670808,L,1/16/2013,2/25/2013
606055057,H,12/9/2010,1/23/2011
671939122,L,1/24/2013,2/14/2013
448621833,M,2/25/2014,3/3/2014
987714517,M,7/23/2017,9/11/2017
711141002,H,5/7/2016,6/14/2016
361137616,C,3/24/2012,4/18/2012
750253188,H,10/3/2011,11/21/2011
511349046,C,12/22/2014,1/2/2015
147599017,L,8/23/2011,8/28/2011
682489430,H,4/18/2015,5/23/2015
509819114,M,1/11/2014,2/23/2014
343699395,M,2/27/2012,4/2/2012
968554103,L,4/4/2011,4/8/2011
989119565,M,12/26/2013,1/6/2014
880444610,M,9/12/2012,10/31/2012
737890565,L,12/19/2015,1/15/2016
727131259,M,6/26/2014,8/9/2014
634153020,L,3/2/2015,3/11/2015
315254676,H,8/17/2014,9/8/2014
147047555,M,7/19/2010,9/3/2010
576455485,L,1/14/2013,2/13/2013
770714795,L,7/19/2010,8/26/2010
867374312,H,7/11/2011,8/3/2011
624295365,L,5/4/2010,6/23/2010
769651782,M,10/13/2013,11/3/2013
751929891,C,7/27/2014,8/1/2014
989928519,H,4/4/2010,4/11/2010
622758996,H,8/17/2014,10/1/2014
659845149,H,1/4/2016,1/29/2016
830923306,H,5/17/2011,6/5/2011
936042296,L,2/12/2010,3/17/2010
395563447,L,2/17/2015,3/30/2015
500160586,M,6/7/2011,6/7/2011
360820043,L,5/26/2015,7/2/2015
958840644,C,5/24/2010,6/2/2010
195833718,M,2/21/2011,4/7/2011
543723094,M,6/28/2014,7/2/2014
494745099,H,10/15/2010,10/30/2010
411448562,H,5/18/2010,6/30/2010
276694810,H,2/2/2017,2/16/2017
143657672,M,11/24/2016,1/8/2017
585823476,L,12/23/2011,1/6/2012
446991050,C,12/5/2016,1/16/2017
891271722,M,2/16/2017,2/22/2017
453089320,C,5/18/2010,6/16/2010
887180173,L,9/7/2010,10/18/2010
418593108,L,3/12/2014,3/25/2014
492689454,M,7/16/2010,8/16/2010
825143039,M,12/5/2016,12/20/2016
751940190,L,10/8/2013,10/10/2013
579379737,H,8/9/2016,8/26/2016
234073007,C,10/6/2011,11/20/2011
612943828,C,2/17/2013,3/1/2013
433228528,C,12/14/2012,12/21/2012
282475936,L,11/20/2015,11/28/2015
368547379,M,7/7/2012,7/12/2012
969616687,H,6/2/2013,6/28/2013
184170186,L,2/4/2015,2/17/2015
681006705,C,4/28/2011,6/14/2011
249237573,L,2/1/2012,2/21/2012
348286616,H,1/29/2017,2/13/2017
257890164,L,12/1/2011,12/29/2011
228097045,H,5/8/2017,6/17/2017
129268586,C,5/3/2017,6/21/2017
802078616,M,10/31/2015,12/9/2015
907513463,C,4/11/2010,4/19/2010
976871955,L,7/17/2010,8/31/2010
261765420,C,5/31/2012,7/17/2012
784117686,L,7/15/2016,7/17/2016
586165082,M,1/14/2017,1/27/2017
480456435,C,11/26/2012,12/16/2012
899853074,L,10/3/2011,10/26/2011
547528827,L,11/30/2010,12/15/2010
446970021,L,5/8/2016,5/9/2016
791975486,H,2/27/2016,3/20/2016
496656548,M,8/24/2014,9/29/2014
345437037,C,5/26/2013,6/30/2013
743053281,H,1/26/2015,2/23/2015
364554107,L,1/7/2012,1/18/2012
205300843,H,10/21/2012,12/3/2012
430967319,M,9/16/2015,10/5/2015
827539861,H,6/28/2012,7/1/2012
351317298,H,12/2/2014,1/14/2015
278910958,C,2/4/2013,2/4/2013
157244670,C,2/17/2017,3/15/2017
953554761,L,6/24/2015,7/28/2015
105390059,L,7/30/2016,8/25/2016
970611894,L,10/23/2014,11/10/2014
677394092,M,12/16/2016,12/29/2016
474222981,L,9/28/2015,10/26/2015
779897391,L,4/16/2016,5/5/2016
733528649,L,3/27/2017,3/30/2017
444540584,H,6/25/2014,8/2/2014
542669522,H,7/29/2012,9/11/2012
827964293,L,5/4/2013,6/1/2013
720786225,M,2/2/2012,2/15/2012
611809146,H,7/24/2016,8/1/2016
512019383,M,11/4/2012,12/12/2012
502715766,C,8/5/2014,8/17/2014
285509622,M,10/22/2013,10/28/2013
532324779,L,12/1/2014,1/3/2015
635397565,H,11/2/2015,11/21/2015
957276809,M,10/7/2011,11/4/2011
580823838,L,2/9/2014,3/21/2014
459212481,H,5/29/2016,6/16/2016
265929067,L,4/8/2013,5/23/2013
644772422,H,9/20/2011,10/26/2011
959853875,C,4/12/2012,5/4/2012
645597255,C,10/2/2012,10/25/2012
556738889,C,1/2/2012,1/25/2012
718327605,M,9/30/2013,11/10/2013
775724732,L,3/10/2015,3/20/2015
444604098,H,10/26/2010,10/31/2010
860952031,C,5/2/2011,5/13/2011
531067359,C,2/19/2017,2/20/2017
281561410,M,7/20/2014,8/2/2014
109358012,L,6/18/2017,7/10/2017
531693494,L,7/19/2010,8/6/2010
336116683,C,8/9/2013,9/4/2013
630488908,M,3/23/2017,4/30/2017
792983996,L,10/31/2016,12/2/2016
722088277,C,7/3/2016,7/3/2016
386600577,H,1/7/2010,1/29/2010
275632226,L,12/6/2014,1/18/2015
948607051,H,10/16/2015,11/27/2015
785261380,H,5/10/2013,5/26/2013
935644042,C,3/27/2013,5/15/2013
370116364,M,7/13/2014,8/17/2014
829352176,C,8/16/2013,8/26/2013
974337804,M,7/14/2015,8/7/2015
436372077,H,12/23/2014,1/3/2015
267066323,M,4/27/2015,5/19/2015
688344371,M,3/14/2017,4/28/2017
642442548,M,10/2/2014,11/2/2014
941909682,C,7/13/2014,8/1/2014
219607102,C,7/31/2016,8/13/2016
778708636,H,8/30/2010,9/2/2010
942700612,M,4/22/2010,6/6/2010
905381858,H,3/9/2011,4/8/2011
480863702,C,1/13/2010,1/28/2010
453569972,L,1/6/2016,2/19/2016
328236997,H,8/17/2016,9/10/2016
579913604,C,10/22/2011,10/23/2011
403961122,H,2/12/2010,3/20/2010
866053378,L,5/29/2017,6/22/2017
852176702,C,4/17/2010,5/13/2010
218629920,M,9/8/2015,10/20/2015
242024362,C,2/13/2016,3/17/2016
469283854,M,2/16/2014,2/16/2014
967644727,C,4/22/2013,4/30/2013
974655807,L,7/15/2014,7/23/2014
248178422,M,3/7/2012,3/22/2012
416386401,L,1/14/2013,2/16/2013
927766072,L,5/22/2017,6/20/2017
401116263,M,3/23/2015,3/31/2015
675548303,H,9/28/2012,11/6/2012
960486018,L,6/6/2013,7/4/2013
985665738,L,4/2/2014,5/19/2014
551136291,C,1/13/2017,1/13/2017
877259004,L,2/3/2017,2/16/2017
554707705,M,8/5/2014,9/19/2014
494468724,L,10/6/2010,10/23/2010
777840888,H,9/10/2011,10/23/2011
206435525,C,12/12/2016,1/27/2017
352176463,C,10/26/2015,12/5/2015
607300031,C,10/14/2013,10/14/2013
434355056,H,8/17/2013,9/28/2013
716202867,M,8/7/2011,9/20/2011
606017291,H,5/22/2016,6/12/2016
677284657,H,1/13/2015,1/15/2015
673803794,C,7/22/2014,7/29/2014
859686028,C,6/25/2015,7/10/2015
669355189,H,8/10/2015,9/26/2015
957547605,L,10/19/2013,11/21/2013
849312102,M,10/9/2013,11/23/2013
890010011,H,9/26/2012,10/14/2012
795315158,H,10/2/2012,10/26/2012
801213872,M,12/11/2016,1/28/2017
314004981,C,7/26/2010,8/9/2010
160299813,C,3/27/2010,4/6/2010
337022197,C,9/11/2014,9/22/2014
461408460,M,3/9/2016,3/15/2016
221007430,M,10/19/2011,11/10/2011
723680436,L,10/31/2014,12/20/2014
447601306,L,2/23/2013,3/11/2013
191256368,L,10/25/2010,11/9/2010
823444449,L,10/4/2016,10/30/2016
133276879,C,9/4/2010,10/17/2010
480177485,H,12/22/2014,2/7/2015
243882596,H,4/8/2015,5/11/2015
574441039,L,3/2/2017,4/6/2017
442214143,M,3/14/2012,5/3/2012
687875735,C,11/22/2011,12/2/2011
872412145,H,9/8/2013,9/25/2013
627122199,C,4/23/2012,4/29/2012
103617227,M,2/14/2011,3/12/2011
423821055,M,10/6/2010,10/22/2010
529970014,L,12/8/2012,1/3/2013
334612929,H,8/17/2016,10/3/2016
270611131,M,4/23/2014,5/24/2014
841138446,C,11/18/2010,12/8/2010
369681203,M,4/22/2012,5/9/2012
850038230,M,4/5/2014,4/21/2014
296320855,M,6/21/2013,7/13/2013
392952907,L,7/13/2011,8/13/2011
644670712,M,2/1/2011,3/21/2011
626523101,L,1/27/2012,2/16/2012
433871400,M,6/24/2015,7/1/2015
232389438,M,1/3/2012,1/8/2012
708063542,H,2/21/2016,3/19/2016
817192542,H,12/4/2016,12/22/2016
936387765,H,1/16/2012,2/29/2012
612573039,H,8/6/2011,8/9/2011
812984693,M,8/12/2011,8/22/2011
775171554,C,12/18/2012,1/5/2013
256994950,H,1/10/2010,2/19/2010
886628711,M,2/28/2017,3/31/2017
312559163,C,12/8/2011,12/16/2011
753585135,L,8/18/2014,9/13/2014
448817956,H,4/19/2016,4/22/2016
407681453,M,11/6/2012,12/24/2012
359911954,H,5/27/2016,6/23/2016
105558288,M,8/18/2013,8/19/2013
864981782,H,12/31/2014,2/11/2015
328856265,C,2/4/2013,2/12/2013
308168065,H,9/23/2016,10/18/2016
884216010,L,11/1/2016,11/2/2016
858611428,M,12/27/2012,1/9/2013
903278148,L,3/10/2017,4/3/2017
410452497,L,3/17/2012,3/26/2012
642683303,H,12/17/2015,1/20/2016
682831895,L,2/18/2017,3/16/2017
584072101,L,11/5/2016,11/5/2016
919890248,C,4/9/2017,5/18/2017
534085166,C,4/18/2010,4/25/2010
590768182,H,8/1/2011,9/7/2011
524363124,C,5/12/2011,6/28/2011
289606320,L,1/25/2016,2/14/2016
811546599,C,4/10/2014,5/8/2014
